{
    "accuracy": 0.9765100671140939,
    "precision": 0.978417488363885,
    "recall": 0.9768161343161343,
    "f1_score": 0.9774732593826199,
    "roc_auc": 0.9993238202045021
}